cls_elec,ct,disp,has_ion,int,mod_pauli,pol,index
-29.2358,-2.5269,-4.8564,1.0,-32.2106,13.1101,-8.7016,1
2.7501,-0.1219,-0.4237,1.0,0.3093999999999998,0.0881,-1.9832,2
-44.187,-3.0645,-5.1362,1.0,-45.35020000000001,16.2324,-9.1949,3
-3.9798,-0.1032,-0.7231,1.0,-7.3809,0.1539,-2.7287,4
-9.6628,-0.0288,-0.25,1.0,-11.383000000000001,0.0127,-1.4541,5
-67.5637,-6.5568,-8.5262,1.0,-53.797999999999995,41.9471,-13.0984,6
-45.9853,-2.5868,-4.8228,1.0,-48.85810000000001,13.4963,-8.9595,7
-1.3971,-0.111,-0.6711,1.0,-4.6762,0.1578,-2.6548,8
-29.2248,-2.5472,-4.9254,1.0,-32.167699999999996,13.3121,-8.7824,9
-17.7419,-0.0842,-0.5617,1.0,-20.6864,0.0997,-2.3983,10
-62.674,-5.154,-7.6249,1.0,-56.007099999999994,31.6609,-12.2151,56
-43.689,-4.7232,-6.465,1.0,-38.311699999999995,26.9586,-10.3931,57
-6.8978,-0.0471,-0.2459,1.0,-8.6271,0.0228,-1.4591,58
-64.9946,-5.7626,-8.0017,1.0,-55.29460000000001,36.0524,-12.5881,59
-19.1649,-0.0473,-0.2764,1.0,-21.109199999999998,0.0268,-1.6474,60
8.3462,-0.007,-0.1326,1.0,7.0966,0.0024,-1.1124,61
-20.8228,-0.1014,-0.6146,1.0,-23.966,0.1338,-2.561,62
-0.271,-0.0057,-0.0545,1.0,-0.8677000000000001,0.0003,-0.5368,63
-17.9985,-0.0621,-0.3115,1.0,-20.1085,0.0423,-1.7787,64
-2.4661,-0.003,-0.0566,1.0,-3.0465999999999998,0.0001,-0.521,65
-60.5942,-4.2969,-6.8336,1.0,-57.361999999999995,25.7587,-11.396,111
-4.1692,-2.0743,-3.9867,1.0,-8.540500000000002,9.2235,-7.5338,112
-62.3859,-4.5881,-7.1092,1.0,-57.910399999999996,27.884,-11.7112,113
-58.4462,-4.1441,-6.6829,1.0,-56.1616,24.3646,-11.253,114
-18.2474,-0.0445,-0.3223,1.0,-20.341899999999995,0.0299,-1.7576,115
-2.5508,-0.0024,-0.0495,1.0,-3.0734000000000004,0.0,-0.4707,116
-19.9264,-0.0896,-0.475,1.0,-22.636200000000002,0.0892,-2.2344,117
-15.1971,-0.0167,-0.1487,1.0,-16.4179,0.0042,-1.0596,118
-8.9613,-0.0022,-0.0491,1.0,-9.4475,0.0,-0.4349,119
5.4809,-0.0135,-0.1734,1.0,4.0612,0.0054,-1.2382,120
-51.1648,-2.5275,-4.9337,1.0,-54.353300000000004,13.5594,-9.2867,166
-20.167,-4.9111,-6.5199,1.0,-14.1583,27.3783,-9.9386,167
2.2209,-0.09,-0.5112,1.0,-0.5842000000000002,0.1054,-2.3093,168
-68.7726,-6.0736,-8.343,1.0,-57.7261,38.5243,-13.0612,169
-43.4,-2.5175,-4.6235,1.0,-46.3478,12.873,-8.6798,170
3.4651,-0.005,-0.12,1.0,2.4047,0.0006,-0.936,171
-19.2632,-0.0496,-0.3441,1.0,-21.458800000000004,0.0355,-1.8374,172
-21.1691,-0.1056,-0.4811,1.0,-23.936799999999998,0.1075,-2.2885,173
-3.5728,-0.0267,-0.1384,1.0,-4.7213,0.0058,-0.9892,174
-3.6578,-0.0045,-0.0866,1.0,-4.4616,0.0002,-0.7129,175
-63.4962,-5.0409,-7.5221,1.0,-57.1878,31.0052,-12.1338,221
-47.3879,-4.9873,-6.7665,1.0,-40.856700000000004,29.0448,-10.7598,222
0.4955,-0.067,-0.4374,1.0,-2.0343,0.0651,-2.0905,223
-66.7395,-6.0454,-8.2136,1.0,-55.55310000000001,38.2618,-12.8164,224
-37.7215,-1.475,-3.3068,1.0,-43.1102,6.5185,-7.1254,225
4.5564,-0.0064,-0.1204,1.0,3.4797,0.0012,-0.9511,226
-18.6794,-0.0712,-0.4831,1.0,-21.354000000000003,0.0723,-2.1926,227
-20.0463,-0.0496,-0.3246,1.0,-22.1803,0.0334,-1.7932,228
-15.4781,-0.0796,-0.3533,1.0,-17.7276,0.06,-1.8766,229
-5.5843,-0.0069,-0.1092,1.0,-6.5710999999999995,0.0006,-0.8713,230
-61.2639,-4.9693,-7.2311,1.0,-54.858399999999996,30.2925,-11.6866,276
-43.8024,-4.6225,-6.5346,1.0,-38.921400000000006,26.5388,-10.5007,277
23.0928,-0.2307,-0.9038,1.0,19.199600000000004,0.3534,-3.1121,278
-46.9823,-4.4269,-6.4172,1.0,-42.848200000000006,25.4239,-10.4457,279
-46.1255,-2.0979,-4.2712,1.0,-50.3605,10.5348,-8.4007,280
-3.1057,-0.0401,-0.3334,1.0,-5.2016,0.0262,-1.7486,281
-17.9297,-0.0361,-0.282,1.0,-19.836500000000004,0.0205,-1.6092,282
-18.9242,-0.0414,-0.2987,1.0,-20.926799999999997,0.0253,-1.6878,283
-18.5084,-0.1586,-0.6187,1.0,-21.697300000000002,0.1997,-2.6113,284
-3.2344,-0.0082,-0.1412,1.0,-4.3790000000000004,0.001,-0.9962,285
-62.0464,-5.1114,-7.5907,1.0,-55.586200000000005,31.3263,-12.164,331
-63.097,-5.5487,-7.7865,1.0,-54.17660000000001,34.5504,-12.2948,332
-8.8597,-0.073,-0.3203,1.0,-10.936900000000001,0.0476,-1.7315,333
-59.1202,-5.8782,-7.6939,1.0,-48.5254,36.1056,-11.9387,334
-17.0515,-0.0238,-0.1765,1.0,-18.486500000000003,0.008,-1.2427,335
-5.4282,-0.0026,-0.0458,1.0,-5.912800000000001,0.0001,-0.4363,336
-20.6071,-0.1065,-0.6407,1.0,-23.8347,0.1471,-2.6275,337
-6.0346,-0.0017,-0.0276,1.0,-6.425199999999999,0.0,-0.3613,338
-19.5736,-0.0559,-0.311,1.0,-21.6696,0.0365,-1.7656,339
-0.8178,-0.0034,-0.0547,1.0,-1.4268,0.0001,-0.551,340
-64.1432,-5.0456,-7.526,1.0,-57.764499999999984,31.1174,-12.1671,386
-51.5294,-5.0418,-6.8759,1.0,-44.8312,29.5988,-10.9829,387
19.6608,-0.0517,-0.3818,1.0,17.3032,0.0497,-1.9738,388
-51.7897,-4.6468,-6.6038,1.0,-46.6771,27.0883,-10.7251,389
-19.5377,-0.0417,-0.2614,1.0,-21.407999999999998,0.0217,-1.5889,390
5.4285,-0.0109,-0.1538,1.0,4.103199999999998,0.0038,-1.1644,391
-16.9134,-0.048,-0.36,1.0,-19.136999999999997,0.0361,-1.8517,392
-0.3688,-0.0067,-0.0604,1.0,-1.0013999999999998,0.0004,-0.5659,393
-18.6892,-0.0864,-0.4063,1.0,-21.187,0.0758,-2.0809,394
-1.4653,-0.0034,-0.0551,1.0,-2.0928,0.0001,-0.5691,395
-5.997,-0.019,-0.2096,1.0,-7.5198,0.0059,-1.3001,441
-40.5591,-4.1191,-6.6384,1.0,-38.1587,23.8859,-10.728,442
-58.3177,-5.9039,-7.689,1.0,-47.768,36.0833,-11.9407,443
-41.829,-2.5217,-4.6437,1.0,-44.751400000000004,12.8997,-8.6567,444
-23.3757,-2.0912,-4.1953,1.0,-27.450799999999997,10.1326,-7.9212,445
-33.2119,-1.3769,-3.3245,1.0,-38.817,6.1644,-7.0681,446
-1.4433,-0.082,-0.5037,1.0,-4.1902,0.088,-2.2492,447
2.5586,-0.0487,-0.1997,1.0,1.0787000000000002,0.0147,-1.2462,448
-24.2722,-0.1282,-0.6824,1.0,-27.7097,0.187,-2.8139,449
24.5472,-0.3308,-1.1797,1.0,20.049799999999998,0.6195,-3.6064,450
-2.7532,-0.1827,-0.6598,1.0,-5.9942,0.2297,-2.6282,451
-9.1413,-0.1635,-1.0352,1.0,-13.343599999999999,0.3366,-3.3402,507
-35.1324,-3.1452,-6.1511,1.0,-36.9953,17.7867,-10.3533,508
17.621,-0.556,-1.6278,1.0,12.411399999999997,1.3812,-4.407,509
5.4281,-0.006,-0.0629,1.0,4.7193,0.0004,-0.6403,510
-43.537,-2.28,-4.3809,1.0,-47.19349999999999,11.4378,-8.4334,511
-12.219,-0.144,-0.794,1.0,-15.850900000000001,0.2273,-2.9212,512
-12.0529,-0.0096,-0.0961,1.0,-12.999799999999999,0.0014,-0.8426,513
10.3498,-0.0124,-0.1119,1.0,9.332099999999999,0.0019,-0.8953,514
-5.4094,-0.0028,-0.0497,1.0,-5.961399999999999,0.0001,-0.4996,515
-62.4615,-5.289,-7.7362,1.0,-55.2305,32.5621,-12.3059,516
-45.1308,-3.1673,-5.2745,1.0,-46.0252,16.8987,-9.3513,517
4.9692,-0.0039,-0.0524,1.0,4.3242,0.0002,-0.5889,573
-13.1315,-0.0194,-0.1491,1.0,-14.356900000000001,0.0053,-1.0622,574
-43.6374,-2.1509,-4.4114,1.0,-47.8299,10.8766,-8.5068,575
-53.1441,-4.8555,-7.2888,1.0,-47.9595,29.0283,-11.6994,576
-62.6771,-5.0217,-7.4999,1.0,-56.50550000000001,30.7851,-12.0919,577
-9.2354,-0.0036,-0.0567,1.0,-9.8794,0.0001,-0.5838,578
-19.2655,-0.1848,-0.776,1.0,-22.930999999999997,0.2923,-2.997,579
-31.2709,-2.7277,-4.9661,1.0,-33.5598,14.2208,-8.8159,580
-0.6764,-0.0425,-0.4661,1.0,-3.2692,0.0438,-2.128,581
-7.5621,-0.0014,-0.0266,1.0,-7.875100000000001,0.0,-0.285,582
12.3764,-0.2887,-1.0637,1.0,8.039999999999997,0.5895,-3.5735,583
-46.1429,-4.9441,-6.7106,1.0,-39.8747,28.61,-10.6871,639
-34.565,-2.6565,-4.8367,1.0,-37.141,13.6725,-8.7553,640
-2.7679,-0.0693,-0.4861,1.0,-5.4101,0.0678,-2.1546,641
-26.1073,-0.1706,-0.7276,1.0,-29.717499999999998,0.2513,-2.9633,642
-59.6213,-4.1233,-6.6558,1.0,-57.0704,24.5288,-11.1988,643
-8.99,-0.02,-0.2039,1.0,-10.4571,0.0062,-1.2494,644
-43.5883,-3.6374,-5.5782,1.0,-42.5806,19.7919,-9.5686,645
-6.6777,-0.0069,-0.1108,1.0,-7.650499999999999,0.0006,-0.8557,646
-29.1613,-1.8863,-4.3626,1.0,-34.1119,9.5116,-8.2133,647
-20.1552,-0.0516,-0.3501,1.0,-22.3823,0.0376,-1.863,648
-20.0961,-1.7005,-3.8386,1.0,-25.1595,7.9664,-7.4907,649
13.4985,-0.036,-0.3179,1.0,11.3519,0.0353,-1.828,650
-46.1429,-4.9441,-6.7106,1.0,-39.8747,28.61,-10.6871,717
-34.565,-2.6565,-4.8367,1.0,-37.141,13.6725,-8.7553,718
-2.7679,-0.0693,-0.4861,1.0,-5.4101,0.0678,-2.1546,719
-26.1073,-0.1706,-0.7276,1.0,-29.717499999999998,0.2513,-2.9633,720
-59.6213,-4.1233,-6.6558,1.0,-57.0704,24.5288,-11.1988,721
-8.99,-0.02,-0.2039,1.0,-10.4571,0.0062,-1.2494,722
-43.5883,-3.6374,-5.5782,1.0,-42.5806,19.7919,-9.5686,723
-6.6777,-0.0069,-0.1108,1.0,-7.650499999999999,0.0006,-0.8557,724
-29.1613,-1.8863,-4.3626,1.0,-34.1119,9.5116,-8.2133,725
-20.1552,-0.0516,-0.3501,1.0,-22.3823,0.0376,-1.863,726
-20.0961,-1.7005,-3.8386,1.0,-25.1595,7.9664,-7.4907,727
13.4985,-0.036,-0.3179,1.0,11.3519,0.0353,-1.828,728
-21.2212,-0.0664,-0.421,1.0,-23.7238,0.0585,-2.0737,795
25.1395,-0.2421,-0.9734,1.0,21.066399999999998,0.4027,-3.2603,796
-67.3965,-6.4113,-8.4513,1.0,-54.3306,40.9767,-13.0482,797
-55.0484,-5.2043,-7.0721,1.0,-47.731700000000004,30.8622,-11.2691,798
-3.5443,-0.0087,-0.1491,1.0,-4.725,0.0011,-1.024,799
-12.9604,-0.049,-0.3473,1.0,-15.101799999999999,0.0332,-1.7783,800
4.9527,-0.0325,-0.1528,1.0,3.7293999999999996,0.0065,-1.0445,801
-44.0131,-2.3472,-4.4181,1.0,-47.4605,11.7995,-8.4816,802
-18.0219,-0.0455,-0.3144,1.0,-20.084999999999997,0.0291,-1.7323,803
-49.9255,-3.0089,-5.3048,1.0,-51.42509999999999,16.361,-9.5469,804
-0.2983,-0.0892,-0.5257,1.0,-3.1175,0.1011,-2.3054,805
-7.7148,-0.1364,-0.489,1.0,-10.4245,0.1273,-2.2116,806
-47.5053,-4.8957,-6.6687,1.0,-41.4572,28.299,-10.6865,873
-21.7286,-1.944,-3.953,1.0,-26.1347,9.1226,-7.6317,874
-1.7516,-0.0822,-0.5443,1.0,-4.6188,0.0937,-2.3344,875
-8.7021,-0.2151,-0.7233,1.0,-12.1372,0.2907,-2.7874,876
-64.1408,-5.6857,-8.0023,1.0,-54.77439999999999,35.6505,-12.5961,877
-8.937,-0.019,-0.2021,1.0,-10.3997,0.0058,-1.2474,878
-17.4534,-0.0486,-0.3598,1.0,-19.6877,0.0364,-1.8623,879
7.8834,-0.0291,-0.1454,1.0,6.6916,0.0052,-1.0225,880
-49.533,-2.7044,-5.0108,1.0,-52.0782,14.4336,-9.2636,881
-13.5498,-0.02,-0.1742,1.0,-14.9306,0.0062,-1.1928,882
-25.853,-2.2882,-4.5617,1.0,-29.501500000000004,11.5516,-8.3502,883
0.0076,-0.1257,-0.6559,1.0,-3.2543,0.1788,-2.6591,884
-46.7362,-5.3329,-7.1179,1.0,-38.812599999999996,31.4821,-11.1077,951
-27.6573,-2.1532,-4.3264,1.0,-31.573500000000003,10.6579,-8.0945,952
3.4315,-0.1423,-0.4766,1.0,0.8181000000000004,0.112,-2.1065,953
-42.7842,-1.8978,-4.0333,1.0,-47.52129999999999,9.2669,-8.0729,954
-1.1394,-0.7123,-1.9607,1.0,-6.6284,2.1627,-4.9787,955
-16.4007,-0.0743,-0.5291,1.0,-19.2085,0.0806,-2.285,956
-42.5358,-1.4221,-3.4549,1.0,-48.28540000000001,6.5663,-7.4389,957
20.1782,-0.3997,-1.2826,1.0,15.5242,0.7809,-3.7526,958
-39.4682,-3.2245,-5.7269,1.0,-40.3699,17.8476,-9.7979,959
-3.19,-0.0618,-0.5193,1.0,-5.9556,0.0663,-2.2508,960
-9.1743,-0.0404,-0.3752,1.0,-11.3894,0.0274,-1.8269,961
-51.4359,-3.1235,-5.4269,1.0,-52.585699999999996,17.1141,-9.7135,962
-46.6171,-2.9786,-5.1563,1.0,-48.1305,15.8995,-9.278,1029
2.5353,-0.283,-0.9626,1.0,-1.4804,0.5,-3.2701,1030
-22.8582,-1.7248,-3.8869,1.0,-27.8716,8.1734,-7.5751,1031
-12.7815,-0.2109,-0.7906,1.0,-16.421699999999998,0.3264,-2.9651,1032
-61.7853,-4.5202,-7.0404,1.0,-57.6266,27.3512,-11.6319,1033
-6.3103,-0.0996,-0.7507,1.0,-9.779200000000001,0.1529,-2.7715,1034
-8.5016,-0.0064,-0.1017,1.0,-9.418599999999998,0.0006,-0.8095,1035
-8.9847,-0.0566,-0.3644,1.0,-11.192699999999999,0.0393,-1.8263,1036
-54.1019,-5.2193,-7.331,1.0,-46.8672,31.3676,-11.5826,1037
-7.8953,-0.0283,-0.1956,1.0,-9.3462,0.0098,-1.2368,1038
-43.3851,-2.3735,-4.6483,1.0,-46.961000000000006,12.1941,-8.7482,1039
8.2103,-0.1251,-0.6422,1.0,4.960400000000002,0.1895,-2.6721,1040
-14.5568,-0.2758,-0.8971,1.0,-18.4736,0.4686,-3.2125,1107
21.5084,-0.5254,-1.5716,1.0,16.392100000000003,1.192,-4.2113,1108
-61.4082,-5.7322,-7.7093,1.0,-51.4835,35.4297,-12.0635,1109
-56.1964,-5.0948,-7.0416,1.0,-49.3917,30.2316,-11.2905,1110
-7.8098,-0.0436,-0.4057,1.0,-10.1515,0.0327,-1.9251,1111
-13.4327,-0.0499,-0.3424,1.0,-15.5696,0.0339,-1.7785,1112
3.8597,-0.0296,-0.1384,1.0,2.696,0.0056,-1.0013,1113
-41.8578,-2.0091,-4.0079,1.0,-46.1823,9.6967,-8.0042,1114
-17.5195,-0.0404,-0.2905,1.0,-19.475300000000004,0.0236,-1.6485,1115
-50.5033,-3.5778,-5.9857,1.0,-50.1242,20.2091,-10.2665,1116
-0.416,-0.0775,-0.4647,1.0,-3.0311,0.0778,-2.1507,1117
-4.5227,-0.1488,-0.4984,1.0,-7.241300000000001,0.133,-2.2044,1118
-48.1316,-4.2175,-6.1125,1.0,-44.9145,23.7357,-10.1886,1185
-14.287,-0.0641,-0.4417,1.0,-16.791,0.0569,-2.0551,1186
2.2894,-0.1334,-0.6486,1.0,-0.9584000000000001,0.1923,-2.6581,1187
-9.4289,-0.0879,-0.3939,1.0,-11.8036,0.0707,-1.9636,1188
-65.3034,-6.2908,-8.3254,1.0,-52.791999999999994,39.9754,-12.8478,1189
-1.5798,-0.0038,-0.0613,1.0,-2.2542,0.0001,-0.6094,1190
-14.5538,-0.0533,-0.3624,1.0,-16.7832,0.0389,-1.8526,1191
5.976,-0.041,-0.1908,1.0,4.581199999999999,0.0104,-1.1734,1192
-60.6819,-4.541,-6.9718,1.0,-56.30800000000001,27.3663,-11.4796,1193
-14.4628,-0.0344,-0.2557,1.0,-16.220299999999998,0.0165,-1.4839,1194
-42.0264,-2.8774,-4.8733,1.0,-43.699600000000004,14.9331,-8.8556,1195
-0.9943,-0.1227,-0.6713,1.0,-4.279400000000001,0.1746,-2.6657,1196
-32.0205,-2.3636,-5.0439,1.0,-35.89639999999999,12.5585,-9.0269,1263
24.1852,-0.5574,-1.6625,1.0,18.925999999999995,1.3074,-4.3467,1264
-47.9482,-3.5898,-5.6607,1.0,-47.3018,19.7007,-9.8038,1265
-57.9888,-5.4259,-7.3366,1.0,-49.6641,32.6981,-11.6109,1266
-5.5059,-0.0346,-0.2953,1.0,-7.419,0.018,-1.6012,1267
-13.9077,-0.0871,-0.5262,1.0,-16.7126,0.0927,-2.2843,1268
3.3917,-0.0364,-0.1616,1.0,2.1031,0.0084,-1.099,1269
-44.0976,-2.5704,-4.6787,1.0,-46.8866,13.1975,-8.7374,1270
-20.1645,-0.0669,-0.421,1.0,-22.6641,0.0586,-2.0703,1271
-37.0934,-3.2439,-5.7917,1.0,-37.937799999999996,18.0268,-9.8356,1272
-0.4491,-0.0891,-0.5274,1.0,-3.2839,0.102,-2.3203,1273
-4.3542,-0.1325,-0.4682,1.0,-6.9704999999999995,0.1142,-2.1298,1274
-23.6522,-3.7407,-5.7433,1.0,-22.451600000000003,20.1052,-9.4206,1341
-15.0202,-2.005,-3.8724,1.0,-19.224500000000003,9.0961,-7.423,1342
-1.5835,-0.0794,-0.624,1.0,-4.6979,0.1061,-2.5171,1343
-50.8939,-2.3217,-4.6791,1.0,-54.755100000000006,12.1547,-9.0151,1344
-61.3106,-5.6182,-7.6356,1.0,-51.93140000000001,34.6275,-11.9945,1345
-12.4698,-0.0385,-0.3397,1.0,-14.5639,0.025,-1.7409,1346
-14.9902,-0.0615,-0.4466,1.0,-17.499399999999998,0.0557,-2.0568,1347
-8.4202,-0.0226,-0.2077,1.0,-9.9261,0.0075,-1.2831,1348
-51.0615,-3.2928,-5.6218,1.0,-51.6231,18.2636,-9.9106,1349
-16.3274,-0.0446,-0.301,1.0,-18.316399999999998,0.0272,-1.6706,1350
-28.8438,-2.742,-5.1043,1.0,-31.215600000000006,14.4311,-8.9566,1351
-1.5256,-0.079,-0.5086,1.0,-4.295599999999999,0.0855,-2.2679,1352
-13.5033,-0.0581,-0.3611,1.0,-15.7195,0.0421,-1.8391,1419
0.9588,-0.0352,-0.1619,1.0,-0.31020000000000014,0.0082,-1.0801,1420
-0.5012,-0.1399,-0.8357,1.0,-4.25,0.2445,-3.0177,1421
-45.7079,-2.9242,-5.1234,1.0,-47.4209,15.5667,-9.2321,1422
-8.4867,-0.0382,-0.2658,1.0,-10.2897,0.0189,-1.5179,1423
-4.8182,-0.1779,-0.9344,1.0,-8.7843,0.3306,-3.1844,1424
3.211,-0.027,-0.3085,1.0,1.17,0.0198,-1.7253,1425
-3.8437,-0.0988,-0.3623,1.0,-6.0691,0.0654,-1.8297,1426
-22.1024,-0.0811,-0.4954,1.0,-24.885099999999998,0.0851,-2.2913,1427
-59.6035,-5.1405,-7.2539,1.0,-52.438,31.167,-11.6071,1428
-35.2542,-2.2784,-4.1479,1.0,-38.65749999999999,11.0196,-7.9966,1429
-48.2964,-4.0392,-5.9758,1.0,-45.89,22.5011,-10.0797,1430
-55.9631,-5.4826,-7.3383,1.0,-47.2416,33.0599,-11.5175,1431
-13.5033,-0.0581,-0.3611,1.0,-15.7195,0.0421,-1.8391,1510
0.9588,-0.0352,-0.1619,1.0,-0.31020000000000014,0.0082,-1.0801,1511
-0.5012,-0.1399,-0.8357,1.0,-4.25,0.2445,-3.0177,1512
-45.7079,-2.9242,-5.1234,1.0,-47.4209,15.5667,-9.2321,1513
-8.4867,-0.0382,-0.2658,1.0,-10.2897,0.0189,-1.5179,1514
-4.8182,-0.1779,-0.9344,1.0,-8.7843,0.3306,-3.1844,1515
3.211,-0.027,-0.3085,1.0,1.17,0.0198,-1.7253,1516
-3.8437,-0.0988,-0.3623,1.0,-6.0691,0.0654,-1.8297,1517
-22.1024,-0.0811,-0.4954,1.0,-24.885099999999998,0.0851,-2.2913,1518
-59.6035,-5.1405,-7.2539,1.0,-52.438,31.167,-11.6071,1519
-35.2542,-2.2784,-4.1479,1.0,-38.65749999999999,11.0196,-7.9966,1520
-48.2964,-4.0392,-5.9758,1.0,-45.89,22.5011,-10.0797,1521
-55.9631,-5.4826,-7.3383,1.0,-47.2416,33.0599,-11.5175,1522
-17.8843,-0.0391,-0.2482,1.0,-19.675,0.0196,-1.523,1601
0.1062,-0.0792,-0.4835,1.0,-2.5756,0.0832,-2.2023,1602
-42.2137,-3.3856,-5.2903,1.0,-42.14880000000001,18.0007,-9.2599,1603
5.6312,-0.0129,-0.0967,1.0,4.757099999999999,0.0013,-0.7658,1604
-18.2537,-0.0685,-0.4775,1.0,-20.9026,0.0688,-2.1717,1605
12.2483,-0.2533,-1.0564,1.0,7.8487,0.5741,-3.664,1606
-60.9869,-4.4701,-6.9945,1.0,-57.06320000000001,26.9496,-11.5613,1607
-9.307,-0.0209,-0.1521,1.0,-10.5388,0.0056,-1.0644,1608
-19.6866,-1.5927,-3.6865,1.0,-24.936799999999998,7.3346,-7.3056,1609
-62.0221,-4.7428,-7.2274,1.0,-56.937400000000004,28.8682,-11.8133,1610
-58.4697,-3.9841,-6.5284,1.0,-56.5927,23.4846,-11.0951,1611
-4.7294,-0.0104,-0.1241,1.0,-5.7798,0.0015,-0.9174,1612
-12.0609,-0.0175,-0.1485,1.0,-13.268600000000001,0.0044,-1.0461,1613
-6.5015,-0.0377,-0.248,1.0,-8.2341,0.0177,-1.4646,1692
-7.7808,-0.0041,-0.0705,1.0,-8.502699999999999,0.0002,-0.6475,1693
14.646,-0.0928,-0.5791,1.0,11.5017,0.1524,-2.6248,1694
-41.8308,-2.1868,-4.2171,1.0,-45.6975,10.7629,-8.2257,1695
-16.8728,-0.073,-0.5064,1.0,-19.614200000000004,0.0767,-2.2387,1696
-3.2022,-0.098,-0.6552,1.0,-6.4157,0.1338,-2.5941,1697
-4.9705,-0.1639,-0.7532,1.0,-8.499,0.2499,-2.8613,1698
5.7721,-0.0184,-0.1067,1.0,4.826700000000001,0.0021,-0.8224,1699
-21.1546,-0.061,-0.3378,1.0,-23.385,0.0433,-1.8749,1700
-59.6719,-5.079,-7.2546,1.0,-52.8185,30.8308,-11.6438,1701
-41.6708,-1.7673,-3.7964,1.0,-46.610099999999996,8.4012,-7.7768,1702
-53.6632,-6.2757,-7.7829,1.0,-41.1837,38.3803,-11.8422,1703
-53.072,-3.5204,-5.9518,1.0,-52.8123,20.0331,-10.3012,1704
-10.1764,-0.1242,-0.6664,1.0,-13.4203,0.1634,-2.6167,1783
-6.7929,-0.0071,-0.1124,1.0,-7.7631000000000006,0.0007,-0.8514,1784
17.7865,-0.1446,-0.6598,1.0,14.502199999999998,0.1956,-2.6755,1785
6.3493,-0.0972,-0.4537,1.0,3.7771999999999997,0.0923,-2.1135,1786
-8.2183,-0.0184,-0.2152,1.0,-9.758799999999997,0.0058,-1.3127,1787
-14.4091,-0.0658,-0.4468,1.0,-16.9394,0.0596,-2.0773,1788
2.7506,-0.2504,-1.0409,1.0,-1.5076,0.5258,-3.4927,1789
-4.3998,-0.1325,-0.4703,1.0,-7.030600000000001,0.1156,-2.1436,1790
-20.7602,-0.0555,-0.3457,1.0,-22.9933,0.04,-1.8719,1791
-52.1286,-4.552,-6.5767,1.0,-47.5222,26.4826,-10.7475,1792
-48.9984,-2.5781,-4.8817,1.0,-51.918099999999995,13.6476,-9.1075,1793
-54.5338,-5.1422,-7.0237,1.0,-47.4263,30.4786,-11.2052,1794
-63.6851,-5.0463,-7.5194,1.0,-57.35659999999999,31.0401,-12.1459,1795
-3.1174,-0.004,-0.0583,1.0,-3.7763,0.0002,-0.5968,1874
-6.368,-0.0021,-0.0335,1.0,-6.8287,0.0,-0.4251,1875
16.0499,-0.2992,-1.0723,1.0,11.7471,0.5703,-3.5016,1876
-41.6923,-2.381,-4.4363,1.0,-44.9913,11.9628,-8.4445,1877
-15.6706,-0.1925,-0.9004,1.0,-19.598399999999998,0.3436,-3.1785,1878
-6.1862,-0.1189,-0.8208,1.0,-9.8444,0.1977,-2.9162,1879
-10.2725,-0.041,-0.2262,1.0,-11.901100000000001,0.0182,-1.3796,1880
7.7213,-0.0047,-0.0535,1.0,7.082600000000001,0.0002,-0.5807,1881
-14.5703,-0.0164,-0.1379,1.0,-15.744700000000002,0.004,-1.0241,1882
-60.5402,-5.3075,-7.7283,1.0,-53.21229999999999,32.6031,-12.2394,1883
-12.1444,-0.0212,-0.17,1.0,-13.4828,0.0065,-1.1537,1884
-52.97,-4.0291,-6.3405,1.0,-50.694900000000004,23.3055,-10.6608,1885
-59.3711,-4.4318,-6.9654,1.0,-55.734700000000004,26.5156,-11.482,1886
-13.238,-0.0123,-0.1207,1.0,-14.3182,0.0024,-0.9496,1965
-9.4973,-0.2158,-1.2832,1.0,-14.242799999999999,0.5304,-3.7769,1966
-7.357,-0.0188,-0.1957,1.0,-8.788400000000001,0.0054,-1.2223,1967
-3.8014,-0.0046,-0.0808,1.0,-4.5789,0.0002,-0.6923,1968
-13.7921,-0.1294,-0.4854,1.0,-16.5248,0.1281,-2.246,1969
7.4488,-0.1345,-0.8856,1.0,3.4735,0.2904,-3.2456,1970
-52.6304,-3.2837,-5.7273,1.0,-53.342,18.404,-10.1046,1971
0.0178,-0.0739,-0.4084,1.0,-2.4071,0.0658,-2.0084,1972
-20.1441,-2.0147,-4.0919,1.0,-24.425900000000002,9.5978,-7.773,1973
-57.7859,-4.7069,-7.2508,1.0,-53.187099999999994,28.2782,-11.7217,1974
-58.117,-4.1195,-6.5946,1.0,-55.6171,24.3249,-11.1109,1975
-37.0251,-3.1867,-5.036,1.0,-37.6026,16.5489,-8.9037,1976
-15.8962,-1.3174,-3.2286,1.0,-21.517200000000003,5.6484,-6.7234,1977
-46.8688,-2.3751,-4.6724,1.0,-50.4002,12.3589,-8.8428,2056
4.8054,-0.0205,-0.2939,1.0,2.7969999999999997,0.0159,-1.7099,2057
-17.2247,-0.0356,-0.2814,1.0,-19.1275,0.0201,-1.6059,2058
-20.5499,-0.0651,-0.4116,1.0,-23.023300000000003,0.0571,-2.0538,2059
-9.837,-1.2945,-2.9156,1.0,-15.259599999999999,5.0613,-6.2738,2060
-8.4597,-0.0084,-0.1255,1.0,-9.517600000000002,0.0011,-0.9251,2061
-38.6516,-2.9647,-5.5233,1.0,-40.5483,16.1944,-9.6031,2062
4.4121,-0.0369,-0.1631,1.0,3.1157999999999992,0.0084,-1.1047,2063
-20.7556,-2.5498,-4.4358,1.0,-23.452,12.351,-8.0618,2064
-61.3636,-4.3375,-6.8714,1.0,-57.9081,26.1211,-11.4567,2065
-66.0353,-5.6158,-7.9343,1.0,-57.02760000000001,35.1365,-12.5787,2066
-12.9641,-0.0421,-0.2897,1.0,-14.891900000000001,0.024,-1.62,2067
-9.7369,-0.0367,-0.2429,1.0,-11.4265,0.0166,-1.4266,2068
-8.9524,-0.0044,-0.0683,1.0,-9.645500000000002,0.0002,-0.6206,2147
-9.8644,-0.2736,-1.5119,1.0,-15.0501,0.766,-4.1662,2148
-9.2612,-0.0189,-0.1888,1.0,-10.666300000000001,0.0055,-1.2029,2149
-2.267,-0.0037,-0.0658,1.0,-2.9686999999999992,0.0001,-0.6323,2150
-16.6607,-0.0898,-0.4059,1.0,-19.1298,0.0784,-2.0518,2151
7.806,-0.0639,-0.585,1.0,4.6933,0.1075,-2.5713,2152
-47.1751,-2.1067,-4.3902,1.0,-51.464600000000004,10.7806,-8.5732,2153
2.6183,-0.0797,-0.4582,1.0,-0.0053000000000001934,0.0845,-2.1702,2154
-24.7051,-2.3103,-4.4608,1.0,-28.2104,11.4889,-8.2231,2155
-57.7411,-4.8171,-7.3646,1.0,-52.7436,29.0175,-11.8383,2156
-60.131,-5.1182,-7.2323,1.0,-53.3986,30.7167,-11.6338,2157
-34.2623,-2.5793,-4.4737,1.0,-36.8159,12.8239,-8.3245,2158
-21.1225,-1.8916,-4.0618,1.0,-25.743399999999998,9.0724,-7.7399,2159
-7.8458,-0.0033,-0.0639,1.0,-8.4862,0.0001,-0.5733,2238
-1.854,-0.801,-2.0374,1.0,-7.2835,2.4463,-5.0374,2239
-10.1998,-0.0368,-0.294,1.0,-12.1144,0.0199,-1.6037,2240
-3.6134,-0.0051,-0.0812,1.0,-4.388299999999999,0.0003,-0.6889,2241
-16.1338,-0.1096,-0.4913,1.0,-18.885199999999998,0.1123,-2.2628,2242
5.7615,-0.1237,-0.8812,1.0,1.8005000000000004,0.2659,-3.222,2243
-55.8426,-3.3725,-5.9211,1.0,-56.1569,19.3819,-10.4026,2244
-1.1119,-0.0525,-0.3105,1.0,-3.1401000000000003,0.0342,-1.6994,2245
-48.658,-2.4554,-4.6745,1.0,-51.905,12.7615,-8.8786,2246
-40.2145,-2.3631,-4.8209,1.0,-43.944500000000005,12.3401,-8.8861,2247
-59.8685,-5.5329,-7.5348,1.0,-51.2728,33.5789,-11.9155,2248
-13.8201,-1.9327,-3.657,1.0,-18.052300000000002,8.4629,-7.1054,2249
-13.304,-0.7871,-2.3542,1.0,-19.1557,2.8566,-5.567,2250
-19.3401,-0.0797,-0.4426,1.0,-21.9255,0.0737,-2.1368,2329
-10.0984,-0.0032,-0.0492,1.0,-10.675600000000001,0.0001,-0.5249,2330
-51.242,-2.3339,-4.7694,1.0,-54.95459999999999,12.5319,-9.1412,2331
-48.8647,-2.7588,-5.3398,1.0,-51.483599999999996,15.191,-9.7113,2332
-59.2426,-4.9986,-7.4966,1.0,-53.4029,30.3397,-12.0048,2333
-6.5614,-0.0016,-0.021,1.0,-6.9197999999999995,-0.0,-0.3358,2334
4.7826,-0.002,-0.0303,1.0,4.3907,0.0,-0.3596,2335
-1.4868,-0.2884,-1.5401,1.0,-6.7998,0.8258,-4.3103,2336
-1.6993,-0.0188,-0.1955,1.0,-3.1634,0.0061,-1.2559,2337
3.7359,-0.0378,-0.1868,1.0,2.3446000000000007,0.0104,-1.1771,2338
-25.781,-4.5126,-6.4383,1.0,-21.4899,25.3741,-10.1321,2339
-1.4693,-0.0223,-0.29,1.0,-3.3873,0.0123,-1.618,2340
-3.9853,-0.0022,-0.031,1.0,-4.4413,0.0,-0.4228,2341
-9.5049,-0.0089,-0.0918,1.0,-10.354399999999998,0.0012,-0.75,2342
-37.9092,-3.3032,-5.9427,1.0,-38.663199999999996,18.522,-10.0301,2434
-48.244,-2.3582,-4.7879,1.0,-52.0373,12.4674,-9.1146,2435
-11.3909,-0.0143,-0.1105,1.0,-12.426300000000001,0.003,-0.9136,2436
-48.1418,-3.2916,-5.3864,1.0,-48.58200000000001,17.7783,-9.5405,2437
-33.9738,-2.7094,-5.3473,1.0,-36.7147,14.6767,-9.3609,2438
-7.3496,-0.003,-0.0528,1.0,-7.9409,0.0001,-0.5356,2439
6.1425,-0.0098,-0.0713,1.0,5.413,0.0006,-0.649,2440
-41.5468,-4.3881,-7.1399,1.0,-38.6415,25.8377,-11.4044,2441
-3.6462,-0.0409,-0.3399,1.0,-5.7426,0.0258,-1.7414,2442
-0.7248,-0.1322,-0.4714,1.0,-3.3514,0.1131,-2.1361,2443
21.2199,-1.1219,-2.6048,1.0,15.488199999999999,3.5576,-5.5626,2444
3.5538,-0.0965,-0.8291,1.0,-0.20569999999999997,0.1962,-3.0301,2445
-10.4177,-0.0132,-0.1206,1.0,-11.4718,0.0025,-0.9228,2446
-8.9835,-0.0085,-0.0904,1.0,-9.8603,0.001,-0.7789,2447
3.4852,-0.012,-0.0809,1.0,2.6839999999999997,0.0011,-0.7094,2539
-56.5664,-4.1053,-6.6642,1.0,-54.278800000000004,24.1751,-11.118,2540
-28.3849,-2.3161,-4.499,1.0,-31.903299999999998,11.5987,-8.302,2541
-5.3349,-0.0045,-0.072,1.0,-6.0574,0.0002,-0.6462,2542
-64.6976,-5.1344,-7.5688,1.0,-57.73629999999999,31.8773,-12.2128,2543
-7.3392,-0.0387,-0.2301,1.0,-8.9822,0.0171,-1.3913,2544
-10.3528,-1.3741,-2.9477,1.0,-15.6015,5.3627,-6.2896,2545
-40.4074,-2.0839,-4.2977,1.0,-44.6642,10.4242,-8.2994,2546
0.643,-0.0417,-0.4289,1.0,-1.8354000000000001,0.0402,-2.048,2547
-9.2074,-0.0313,-0.1958,1.0,-10.690000000000001,0.0117,-1.2672,2548
-42.6985,-3.6709,-5.7017,1.0,-41.70280000000001,20.0799,-9.7116,2549
-15.6985,-0.0261,-0.1836,1.0,-17.1694,0.0095,-1.2707,2550
-14.2959,-0.1833,-0.7455,1.0,-17.819999999999997,0.2735,-2.8688,2551
-6.946,-0.1787,-1.153,1.0,-11.433199999999998,0.4057,-3.5612,2552
1.6009,-0.0076,-0.1417,1.0,0.39640000000000014,0.0014,-1.0566,2644
-46.2272,-1.8663,-4.0611,1.0,-51.1051,9.2589,-8.2094,2645
-21.1714,-1.6965,-3.7433,1.0,-26.157899999999998,7.8347,-7.3814,2646
-19.1267,-0.078,-0.3758,1.0,-21.494799999999998,0.0634,-1.9777,2647
-41.1986,-5.0181,-6.9974,1.0,-34.59589999999999,29.5194,-10.9012,2648
-24.9597,-1.9131,-3.6666,1.0,-29.258100000000002,8.5769,-7.2956,2649
-23.2268,-1.5433,-3.5623,1.0,-28.5494,7.01,-7.227,2650
-43.5345,-3.0448,-5.2559,1.0,-44.8314,16.325,-9.3212,2651
-0.4749,-0.0485,-0.3599,1.0,-2.6968,0.0367,-1.8502,2652
-38.7404,-4.0773,-6.0602,1.0,-36.2074,22.6701,-9.9996,2653
3.9092,-0.2995,-1.0787,1.0,-0.4113999999999999,0.6136,-3.556,2654
-17.9998,-0.0376,-0.2872,1.0,-19.934,0.0218,-1.6312,2655
-8.4749,-0.0131,-0.1447,1.0,-9.6431,0.0026,-1.013,2656
-12.9554,-0.03,-0.2655,1.0,-14.751399999999997,0.0149,-1.5154,2657
-51.5123,-3.8837,-6.2352,1.0,-49.974900000000005,22.1801,-10.5238,2749
-34.074,-2.9947,-6.0043,1.0,-36.4852,16.7768,-10.189,2750
-6.7244,-0.0017,-0.0259,1.0,-7.1185,0.0,-0.3665,2751
-60.6119,-4.1937,-6.6665,1.0,-57.98559999999999,24.7465,-11.26,2752
24.3129,-1.0385,-2.4776,1.0,18.481700000000004,3.1582,-5.4733,2753
5.5809,-0.3279,-1.2883,1.0,0.7869000000000002,0.8194,-3.9972,2754
-3.2815,-0.0023,-0.0391,1.0,-3.7683999999999997,0.0,-0.4455,2755
12.1199,-0.0106,-0.1304,1.0,11.0014,0.0022,-0.9797,2756
-1.2933,-0.0362,-0.3248,1.0,-3.376,0.0237,-1.7454,2757
-16.0835,-0.0332,-0.2781,1.0,-17.9525,0.0184,-1.5761,2758
-37.4667,-2.3075,-4.2064,1.0,-40.91310000000001,11.1939,-8.1264,2759
-14.3334,-0.0955,-0.537,1.0,-17.197400000000002,0.1041,-2.3356,2760
-11.3236,-0.01,-0.0966,1.0,-12.2726,0.0015,-0.8439,2761
4.9421,-0.0064,-0.0818,1.0,4.1524,0.0006,-0.7021,2762
-5.0955,-0.0015,-0.0232,1.0,-5.4359,-0.0,-0.3157,2854
29.8294,-0.8761,-2.2449,1.0,23.942399999999996,2.4668,-5.2328,2855
-9.1336,-0.0051,-0.0782,1.0,-9.9304,0.0003,-0.7138,2856
-3.5563,-0.0031,-0.0565,1.0,-4.1278,0.0001,-0.512,2857
0.1811,-0.0136,-0.1545,1.0,-1.0805,0.0033,-1.0968,2858
7.6584,-0.0032,-0.0524,1.0,7.1128,0.0001,-0.4901,2859
-12.3269,-0.014,-0.1183,1.0,-13.376199999999999,0.003,-0.92,2860
-13.7909,-0.1044,-0.429,1.0,-16.3313,0.0938,-2.1008,2861
-10.6256,-0.0359,-0.1864,1.0,-12.0889,0.0135,-1.2545,2862
-60.0198,-4.3792,-6.8258,1.0,-56.610299999999995,26.0155,-11.401,2863
2.2404,-0.0074,-0.0876,1.0,1.4135999999999997,0.0008,-0.7326,2864
-64.5305,-5.8253,-8.2232,1.0,-54.9992,36.4536,-12.8738,2865
-57.7595,-4.1599,-6.5469,1.0,-55.084300000000006,24.4001,-11.0181,2866
-12.1633,-0.0899,-0.3591,1.0,-14.4296,0.0674,-1.8847,2867
-1.0694,-0.0029,-0.0533,1.0,-1.6947999999999999,0.0,-0.5692,2959
-58.1752,-3.7277,-6.2778,1.0,-57.116,21.8665,-10.8018,2960
-34.6998,-2.8498,-5.0154,1.0,-36.6101,14.856,-8.9011,2961
3.7388,-0.0272,-0.1338,1.0,2.6241,0.0046,-0.9583,2962
-65.0392,-6.0711,-8.3357,1.0,-53.878,38.524,-12.956,2963
-7.4411,-0.1477,-0.5147,1.0,-10.235,0.1424,-2.2739,2964
-3.7909,-0.7674,-2.0226,1.0,-9.2575,2.3671,-5.0437,2965
-35.3059,-3.6675,-5.7779,1.0,-34.312,20.1114,-9.6721,2966
1.8887,-0.0349,-0.4212,1.0,-0.5503999999999999,0.0344,-2.0174,2967
-12.4893,-0.0366,-0.2332,1.0,-14.1624,0.0168,-1.4201,2968
-46.4173,-2.9318,-5.004,1.0,-48.0314,15.421,-9.0993,2969
-14.2506,-0.0184,-0.1496,1.0,-15.4864,0.0049,-1.0727,2970
-11.6062,-0.0345,-0.275,1.0,-13.4477,0.0177,-1.5497,2971
-20.4692,-0.0369,-0.257,1.0,-22.3152,0.0185,-1.5706,2972
-13.4646,-0.0176,-0.1462,1.0,-14.666500000000001,0.0045,-1.0426,3064
-41.8897,-3.7454,-6.0225,1.0,-40.6626,21.049,-10.054,3065
-49.3706,-3.3235,-5.5886,1.0,-49.741600000000005,18.3373,-9.7962,3066
3.8501,-0.0065,-0.0623,1.0,3.2306,0.0003,-0.551,3067
-54.9719,-4.8961,-7.2742,1.0,-49.3966,29.4137,-11.6681,3068
1.0402,-0.0095,-0.0717,1.0,0.3252,0.0007,-0.6345,3069
-1.6672,-0.1341,-0.7931,1.0,-5.2842,0.2194,-2.9092,3070
-44.947,-3.4187,-5.6153,1.0,-45.04670000000001,18.6774,-9.7431,3071
24.0005,-0.2571,-1.0109,1.0,19.8141,0.4602,-3.3786,3072
-4.6524,-0.0052,-0.0649,1.0,-5.3674,0.0003,-0.6452,3073
-26.7507,-0.3848,-1.5462,1.0,-32.0864,1.1017,-4.5064,3074
11.7963,-0.0306,-0.2359,1.0,10.0879,0.0163,-1.4582,3075
1.5494,-0.1278,-0.4413,1.0,-0.9595000000000001,0.0969,-2.0367,3076
-15.9952,-0.0149,-0.1575,1.0,-17.266000000000002,0.0037,-1.1021,3077
-21.8103,-0.0887,-0.5156,1.0,-24.6628,0.0956,-2.3438,3169
-11.4602,-0.08,-0.5047,1.0,-14.1845,0.0808,-2.2204,3170
-6.1394,-0.0943,-0.3698,1.0,-8.4166,0.0686,-1.8817,3171
-2.5846,-0.0178,-0.1725,1.0,-3.9069999999999996,0.0047,-1.1368,3172
-53.891,-5.1232,-7.7002,1.0,-47.9349,30.9836,-12.2041,3173
-3.6146,-0.0015,-0.0265,1.0,-3.9579,-0.0,-0.3153,3174
-13.2246,-0.432,-1.285,1.0,-17.9259,0.9792,-3.9635,3175
-1.157,-0.1152,-0.6212,1.0,-4.302199999999999,0.1536,-2.5624,3176
28.5579,-0.3706,-1.3424,1.0,23.6821,0.8054,-3.9682,3177
11.5606,-0.0063,-0.0711,1.0,10.8124,0.0003,-0.6711,3178
1.9544,-0.0048,-0.0564,1.0,1.3004,0.0003,-0.5931,3179
-12.4826,-0.0149,-0.1278,1.0,-13.585200000000002,0.0033,-0.9632,3180
-58.6573,-5.5345,-7.4386,1.0,-49.8471,33.5189,-11.7356,3181
2.9698,-0.0385,-0.1706,1.0,1.6371000000000002,0.0096,-1.1332,3182
-45.5609,-2.8478,-5.0192,1.0,-47.51989999999999,15.0325,-9.1245,3183
-7.079,-0.1226,-0.8392,1.0,-10.7873,0.2082,-2.9547,3289
14.4243,-0.4027,-1.2901,1.0,9.7188,0.866,-3.8787,3290
-14.4814,-0.1497,-0.7496,1.0,-18.0037,0.2246,-2.8476,3291
-5.8035,-0.0031,-0.0641,1.0,-6.4299,0.0001,-0.5593,3292
-10.3527,-0.0067,-0.0971,1.0,-11.2813,0.0007,-0.8255,3293
-4.2282,-0.0008,-0.0014,1.0,-4.375900000000001,-0.0,-0.1455,3294
6.1082,-0.0117,-0.0831,1.0,5.2878,0.001,-0.7266,3295
-4.8827,-0.0202,-0.1205,1.0,-5.958399999999999,0.0041,-0.9391,3296
5.0676,-0.0005,-0.0033,1.0,4.8892,-0.0,-0.1746,3297
4.4189,-0.0006,-0.0179,1.0,4.1983999999999995,-0.0,-0.202,3298
-4.653,-0.0009,-0.0187,1.0,-4.848099999999999,-0.0,-0.1755,3299
-50.0897,-3.2517,-5.8766,1.0,-51.2194,18.2897,-10.2911,3300
-43.2783,-2.3782,-4.4589,1.0,-46.6273,11.994,-8.5059,3301
-28.1551,-3.0155,-5.9403,1.0,-30.168300000000002,16.9108,-9.9682,3302
-63.5699,-5.3041,-7.7452,1.0,-56.17949999999999,32.7853,-12.3456,3303
-7.8258,-0.0014,-0.0255,1.0,-8.134400000000001,0.0,-0.2817,3409
-12.7364,-0.0419,-0.264,1.0,-14.5565,0.0216,-1.5358,3410
10.4168,-0.004,-0.0522,1.0,9.810400000000001,0.0001,-0.5503,3411
-8.8352,-0.042,-0.2053,1.0,-10.387999999999998,0.0172,-1.3227,3412
14.5848,-2.9171,-4.8145,1.0,12.181199999999999,13.2854,-7.9574,3413
-9.6516,-0.0023,-0.0521,1.0,-10.164,0.0,-0.458,3414
-64.5575,-4.9891,-7.4761,1.0,-58.66030000000001,30.5805,-12.2181,3415
-1.8553,-0.0006,-0.0059,1.0,-1.9946,-0.0,-0.1328,3416
3.4716,-0.0085,-0.1333,1.0,2.3051,0.0019,-1.0266,3417
-12.3227,-0.0439,-0.2198,1.0,-13.9676,0.0205,-1.4017,3418
-58.8398,-3.7743,-6.3053,1.0,-57.77019999999999,22.0746,-10.9254,3419
-4.9062,-0.0017,-0.0302,1.0,-5.3012999999999995,0.0,-0.3632,3420
1.5387,-0.0006,-0.012,1.0,1.3602,-0.0,-0.1659,3421
2.8722,-0.019,-0.1616,1.0,1.5371,0.0063,-1.1608,3422
7.6822,-0.0007,-0.0114,1.0,7.4039,0.0,-0.2662,3423
-1.4559,-0.2954,-1.1965,1.0,-6.0348999999999995,0.6737,-3.7608,3529
-40.1403,-2.422,-4.3572,1.0,-43.252399999999994,11.9994,-8.3323,3530
-1.0157,-0.0028,-0.0535,1.0,-1.6369,0.0,-0.5649,3531
-14.0135,-1.1152,-3.5491,1.0,-20.771700000000003,5.0812,-7.1751,3532
-10.3235,-0.0157,-0.1484,1.0,-11.5215,0.0036,-1.0375,3533
-0.1903,-0.1076,-0.5556,1.0,-3.1396,0.1302,-2.4163,3534
-12.5833,-0.0126,-0.1171,1.0,-13.634200000000002,0.0024,-0.9236,3535
-5.9585,-0.034,-0.1684,1.0,-7.284,0.0099,-1.133,3536
-52.9315,-3.1477,-5.6926,1.0,-54.2782,17.6396,-10.146,3537
5.3581,-0.0255,-0.1305,1.0,4.258800000000001,0.0041,-0.9474,3538
-9.0637,-0.0054,-0.077,1.0,-9.8741,0.0004,-0.7284,3539
18.9182,-0.0466,-0.3261,1.0,16.840099999999996,0.0306,-1.736,3540
-21.2183,-0.0515,-0.3337,1.0,-23.39,0.0348,-1.8213,3541
-10.2771,-0.0061,-0.0745,1.0,-11.029300000000001,0.0006,-0.6722,3542
-57.3379,-6.3551,-8.0783,1.0,-44.4506,39.5755,-12.2548,3543
-38.848,-3.5316,-5.7862,1.0,-38.38849999999999,19.5381,-9.7608,3544
-4.8345,-0.0047,-0.0645,1.0,-5.5028,0.0003,-0.5994,3665
10.0251,-0.0372,-0.4304,1.0,7.3971,0.0545,-2.2149,3666
-0.7219,-0.0023,-0.0506,1.0,-1.2510999999999999,0.0,-0.4763,3667
-26.5066,-0.1732,-0.8662,1.0,-30.4844,0.3147,-3.2531,3668
-11.6039,-0.0334,-0.1985,1.0,-13.1329,0.0136,-1.3107,3669
-8.2264,-0.0454,-0.2555,1.0,-10.0098,0.0227,-1.5052,3670
-14.1929,-0.0136,-0.1291,1.0,-15.296999999999999,0.0028,-0.9642,3671
3.2784,-0.0022,-0.0342,1.0,2.8703,0.0,-0.3717,3672
-66.8745,-5.697,-8.0343,1.0,-57.3997,35.9277,-12.7216,3673
1.7791,-0.0254,-0.1252,1.0,0.6952999999999999,0.0043,-0.9375,3674
-8.8818,-0.0024,-0.0463,1.0,-9.3954,0.0,-0.4649,3675
17.597,-0.0201,-0.2669,1.0,15.611400000000001,0.0218,-1.7204,3676
-11.7873,-0.0124,-0.1005,1.0,-12.7771,0.0023,-0.8792,3677
-2.5077,-0.0044,-0.0475,1.0,-3.0532,0.0002,-0.4938,3678
-53.9094,-4.6844,-7.1849,1.0,-49.305099999999996,28.05,-11.5764,3679
-50.1887,-4.7119,-6.9547,1.0,-45.1532,27.8511,-11.149,3680
-6.3064,-0.0016,-0.0241,1.0,-6.6625,-0.0,-0.3304,3801
-4.9711,-0.0079,-0.0628,1.0,-5.6763,0.0007,-0.6352,3802
-17.2284,-0.0269,-0.1901,1.0,-18.7456,0.01,-1.3102,3803
-16.5194,-0.1593,-0.8432,1.0,-20.3095,0.2713,-3.0589,3804
-25.1558,-0.1055,-0.5421,1.0,-28.1738,0.1173,-2.4877,3805
-70.9752,-6.6852,-8.9018,1.0,-56.9502,43.3213,-13.7093,3806
19.3551,-0.0368,-0.3326,1.0,17.159100000000002,0.0359,-1.8625,3807
-42.6955,-5.2579,-6.8589,1.0,-35.068400000000004,30.48,-10.7361,3808
-50.4552,-3.5291,-5.7408,1.0,-50.0739,19.6155,-9.9643,3809
1.2565,-0.0019,-0.049,1.0,0.7472000000000001,-0.0,-0.4584,3810
1.2077,-0.0058,-0.0621,1.0,0.5490999999999999,0.0004,-0.5911,3811
10.4485,-0.0102,-0.1771,1.0,8.9367,0.0059,-1.3304,3812
-3.5313,-0.003,-0.0413,1.0,-4.0142,0.0001,-0.4387,3813
-10.6485,-0.0367,-0.2439,1.0,-12.368,0.0169,-1.4558,3814
-1.0767,-0.0018,-0.0288,1.0,-1.5138,-0.0,-0.4065,3815
-2.5324,-0.0853,-0.3698,1.0,-4.7994,0.0637,-1.8756,3816
-4.2146,-0.0031,-0.0592,1.0,-4.8102,0.0001,-0.5334,3937
-45.5597,-4.1038,-5.9613,1.0,-42.782199999999996,22.8186,-9.976,3938
-13.6136,-0.0078,-0.0946,1.0,-14.5542,0.0009,-0.8391,3939
-56.4655,-5.682,-7.446,1.0,-46.9778,34.2675,-11.6518,3940
-51.4652,-2.9776,-5.3563,1.0,-53.153200000000005,16.3292,-9.6833,3941
-36.0001,-3.148,-5.8148,1.0,-37.329800000000006,17.5118,-9.8787,3942
-20.1617,-0.1039,-0.4745,1.0,-22.8965,0.1036,-2.26,3943
-44.2991,-2.2936,-4.4149,1.0,-47.9362,11.5679,-8.4965,3944
19.6078,-1.1714,-2.6756,1.0,13.915700000000001,3.811,-5.6561,3945
-2.1606,-0.1626,-0.8516,1.0,-5.9335,0.2818,-3.0405,3946
1.7613,-0.0069,-0.0565,1.0,1.1445000000000003,0.0003,-0.5537,3947
3.4446,-0.0069,-0.1356,1.0,2.2544,0.0013,-1.049,3948
11.7267,-0.0246,-0.1506,1.0,10.5222,0.0042,-1.0335,3949
-19.7001,-0.0889,-0.4333,1.0,-22.284399999999998,0.0813,-2.1434,3950
5.9556,-0.1394,-0.7157,1.0,2.463799999999999,0.2348,-2.8715,3951
-5.6155,-0.0039,-0.0649,1.0,-6.2883,0.0001,-0.6041,3952
-61.7871,-6.5028,-8.2036,1.0,-48.14320000000001,40.8544,-12.5041,4073
7.3778,-0.0043,-0.0551,1.0,6.7713,0.0002,-0.5473,4074
-50.8164,-3.7174,-5.9957,1.0,-49.7608,21.0108,-10.2421,4075
-46.4708,-5.2692,-6.951,1.0,-38.8514,30.7716,-10.932,4076
-3.0836,-0.0185,-0.1807,1.0,-4.459700000000001,0.0052,-1.1821,4077
-5.965,-0.002,-0.0396,1.0,-6.4119,0.0,-0.4053,4078
12.7452,-0.1006,-0.5433,1.0,9.795300000000001,0.1334,-2.4394,4079
-42.0477,-2.4584,-4.5241,1.0,-45.13839999999999,12.4347,-8.5429,4080
1.0323,-0.0064,-0.0621,1.0,0.33369999999999983,0.0005,-0.6306,4081
-19.2491,-0.0909,-0.5181,1.0,-22.0854,0.0976,-2.3249,4082
4.7921,-0.0613,-0.4233,1.0,2.274799999999999,0.0656,-2.0983,4083
-22.3151,-0.1137,-0.6499,1.0,-25.5971,0.1587,-2.6771,4084
-5.6432,-0.0015,-0.0239,1.0,-5.985600000000001,-0.0,-0.317,4085
-20.1067,-0.1958,-0.7984,1.0,-23.8441,0.3203,-3.0635,4086
-4.4013,-0.0065,-0.07,1.0,-5.134100000000001,0.0005,-0.6568,4087
3.8112,-0.0211,-0.3234,1.0,1.7172,0.0168,-1.7663,4088
-4.9335,-0.0051,-0.0653,1.0,-5.6229,0.0003,-0.6193,4209
-15.4323,-0.0293,-0.1874,1.0,-16.9241,0.0115,-1.2866,4210
-0.3647,-0.0024,-0.0527,1.0,-0.9184999999999999,0.0,-0.4987,4211
-27.0084,-0.1931,-0.9468,1.0,-31.1808,0.3791,-3.4116,4212
-11.629,-0.0323,-0.1948,1.0,-13.1388,0.0128,-1.2955,4213
-10.9681,-0.041,-0.2453,1.0,-12.6936,0.0197,-1.4589,4214
-13.7558,-0.013,-0.1228,1.0,-14.833100000000002,0.0026,-0.9441,4215
3.3207,-0.0024,-0.0347,1.0,2.8971999999999998,0.0,-0.3864,4216
-65.4553,-5.5099,-7.8238,1.0,-56.775499999999994,34.4579,-12.4444,4217
2.1445,-0.0261,-0.1278,1.0,1.0473999999999999,0.0045,-0.9477,4218
-8.9756,-0.0026,-0.0453,1.0,-9.510699999999998,0.0,-0.4872,4219
18.3382,-0.0247,-0.3051,1.0,16.191600000000005,0.03,-1.8468,4220
-11.2584,-0.0118,-0.098,1.0,-12.227699999999999,0.0021,-0.8616,4221
-2.1454,-0.0047,-0.0467,1.0,-2.7023,0.0002,-0.5057,4222
-59.6882,-5.7343,-8.2311,1.0,-50.747,35.7101,-12.8035,4223
-49.7821,-4.6931,-6.9914,1.0,-44.8697,27.7926,-11.1957,4224
-3.4758,-0.0033,-0.0587,1.0,-4.0784,0.0001,-0.5407,4345
-43.6206,-3.7055,-5.5941,1.0,-42.35620000000001,20.1469,-9.5829,4346
-14.473,-0.0084,-0.0979,1.0,-15.433900000000001,0.0011,-0.8557,4347
-60.0918,-5.1616,-7.3479,1.0,-53.207499999999996,31.1964,-11.8026,4348
-55.4208,-3.8277,-6.2393,1.0,-54.068400000000004,22.0837,-10.6643,4349
-37.0635,-3.1979,-5.8813,1.0,-38.24249999999999,17.8685,-9.9683,4350
-9.7122,-0.1209,-0.4327,1.0,-12.242799999999999,0.1033,-2.0803,4351
-44.3649,-2.4222,-4.5481,1.0,-47.6233,12.3365,-8.6246,4352
16.8008,-1.634,-3.3253,1.0,11.569600000000001,6.1169,-6.3888,4353
-1.395,-0.1445,-0.8037,1.0,-5.0409999999999995,0.2403,-2.9381,4354
-6.6277,-0.0022,-0.0374,1.0,-7.1105,0.0,-0.4432,4355
2.8407,-0.0071,-0.1479,1.0,1.5764,0.0015,-1.1108,4356
11.0139,-0.0259,-0.1523,1.0,9.798399999999999,0.0046,-1.0419,4357
-20.4712,-0.099,-0.4797,1.0,-23.217100000000002,0.0993,-2.2665,4358
8.3338,-0.1396,-0.7402,1.0,4.7399000000000004,0.2545,-2.9686,4359
-12.0001,-0.033,-0.1882,1.0,-13.4797,0.0128,-1.2712,4360
-2.6397,-0.0025,-0.0573,1.0,-3.1961,0.0,-0.4966,4481
-25.65,-2.2278,-4.7998,1.0,-29.716199999999997,11.6073,-8.6459,4482
-2.2297,-0.0034,-0.0572,1.0,-2.8863999999999996,0.0001,-0.5962,4483
-35.7936,-0.5511,-1.9399,1.0,-41.722199999999994,1.8738,-5.3114,4484
-11.5027,-0.0288,-0.1924,1.0,-12.9683,0.0106,-1.255,4485
1.8628,-0.0834,-0.5267,1.0,-0.9917999999999997,0.0999,-2.3444,4486
-12.1811,-0.0121,-0.118,1.0,-13.234900000000001,0.0023,-0.926,4487
1.7959,-0.0061,-0.0539,1.0,1.1963,0.0003,-0.5399,4488
-62.7593,-5.2356,-7.4951,1.0,-55.2421,32.2431,-11.9952,4489
1.2428,-0.0382,-0.1792,1.0,-0.11860000000000025,0.0104,-1.1544,4490
-12.1838,-0.0088,-0.0939,1.0,-13.1237,0.0012,-0.8384,4491
-12.4161,-0.0317,-0.1822,1.0,-13.859,0.012,-1.241,4492
-9.0041,-0.0377,-0.1886,1.0,-10.477599999999997,0.0142,-1.2614,4493
-5.1511,-0.009,-0.0746,1.0,-5.9001,0.0009,-0.6663,4494
-58.5999,-5.0698,-7.1851,1.0,-51.7658,30.6021,-11.5131,4495
-46.8187,-5.0185,-7.4574,1.0,-40.6143,30.3058,-11.6255,4496
-3.8404,-0.0024,-0.0364,1.0,-4.3275999999999994,0.0,-0.4484,4617
-13.952,-0.6131,-1.6763,1.0,-19.1431,1.6965,-4.5982,4618
-14.7233,-0.0081,-0.0909,1.0,-15.6498,0.0009,-0.8284,4619
-57.1955,-6.1027,-7.7847,1.0,-45.702200000000005,37.3645,-11.9838,4620
-52.0177,-2.9833,-5.3761,1.0,-53.69500000000001,16.4046,-9.7225,4621
-50.0024,-4.4663,-6.902,1.0,-46.291399999999996,26.2402,-11.1609,4622
-19.7262,-0.111,-0.4873,1.0,-22.5105,0.1143,-2.3003,4623
-43.2835,-2.0291,-4.1041,1.0,-47.6331,9.942,-8.1584,4624
24.0364,-0.8178,-2.1299,1.0,18.358500000000003,2.2566,-4.9868,4625
-0.875,-0.1367,-0.7476,1.0,-4.3839,0.2156,-2.8402,4626
0.266,-0.0028,-0.0303,1.0,-0.16699999999999995,0.0,-0.3999,4627
2.9845,-0.0046,-0.0865,1.0,2.096,0.0004,-0.7978,4628
10.8001,-0.0154,-0.1083,1.0,9.802800000000001,0.0018,-0.8754,4629
-19.3045,-0.0763,-0.4053,1.0,-21.7767,0.0654,-2.056,4630
13.8575,-0.0452,-0.4077,1.0,11.253,0.0666,-2.2182,4631
0.9713,-0.0094,-0.0806,1.0,0.1663000000000001,0.001,-0.716,4632
-10.7586,-0.187,-1.1535,1.0,-15.237599999999999,0.4263,-3.5648,4753
-61.7676,-5.1076,-7.5815,1.0,-55.3229,31.2742,-12.1404,4754
-35.8573,-2.6012,-5.1398,1.0,-38.8496,13.8985,-9.1498,4755
-35.1216,-2.8607,-5.1856,1.0,-37.050900000000006,15.2329,-9.1159,4756
-46.8598,-3.0561,-5.3506,1.0,-48.210800000000006,16.5737,-9.518,4757
-61.6851,-4.3928,-6.9191,1.0,-57.9506,26.5486,-11.5022,4768
-19.2931,-0.0335,-0.2318,1.0,-21.013299999999997,0.0152,-1.4701,4769
-21.0638,-0.1028,-0.6216,1.0,-24.2304,0.138,-2.5802,4770
-62.7962,-5.0415,-7.5101,1.0,-56.524899999999995,30.917,-12.0941,4771
-60.6514,-4.6695,-7.1808,1.0,-55.9941,28.229,-11.7214,4772
-60.2572,-4.2237,-6.7645,1.0,-57.2815,25.2806,-11.3167,4783
-21.8547,-0.0512,-0.3207,1.0,-24.003200000000003,0.0339,-1.8105,4784
-21.9309,-0.0522,-0.3255,1.0,-24.0988,0.035,-1.8252,4785
-61.9071,-4.5488,-7.0737,1.0,-57.596700000000006,27.583,-11.6501,4786
-65.8398,-5.4315,-7.7739,1.0,-57.67459999999999,33.7732,-12.4026,4787
-62.377,-4.6343,-7.1509,1.0,-57.6969,28.2042,-11.7389,4798
-22.3797,-0.0564,-0.3421,1.0,-24.6219,0.0398,-1.8835,4799
-20.5771,-0.0382,-0.2615,1.0,-22.4401,0.0194,-1.5827,4800
-63.06,-4.6368,-7.161,1.0,-58.35,28.299,-11.7912,4801
-60.7528,-4.2791,-6.8158,1.0,-57.5402,25.6822,-11.3747,4802
-56.3424,-3.1704,-5.7249,1.0,-57.208999999999996,18.2483,-10.2196,4813
-19.7161,-0.0331,-0.2316,1.0,-21.4406,0.0148,-1.4746,4814
-22.654,-0.0607,-0.3671,1.0,-24.9873,0.0459,-1.9514,4815
-61.7703,-4.6502,-7.1667,1.0,-57.0747,28.251,-11.7385,4816
-68.4175,-5.9182,-8.2479,1.0,-58.161,37.4007,-12.9781,4817
-61.1117,-4.5952,-7.1048,1.0,-56.71059999999999,27.7659,-11.6648,4828
-24.0665,-0.0891,-0.4786,1.0,-26.8201,0.0889,-2.2748,4829
-23.6617,-0.0815,-0.4446,1.0,-26.298299999999998,0.0757,-2.1862,4830
-61.6842,-4.6458,-7.1628,1.0,-57.060399999999994,28.175,-11.7426,4831
-58.9603,-3.7286,-6.2911,1.0,-57.766999999999996,22.0457,-10.8327,4832
-41.2034,-2.5789,-4.6687,1.0,-43.9094,13.2034,-8.6618,4843
-60.309,-4.7403,-7.2486,1.0,-55.404199999999996,28.6656,-11.7719,4844
-10.4286,-0.1634,-1.0529,1.0,-14.667199999999998,0.3417,-3.364,4845
-41.2106,-2.579,-4.6652,1.0,-43.915299999999995,13.1976,-8.6581,4846
-10.3528,-0.1621,-1.0482,1.0,-14.5797,0.3378,-3.3544,4847
-60.3436,-4.7458,-7.2552,1.0,-55.411500000000004,28.7136,-11.7805,4848
-16.7665,-0.1185,-0.7597,1.0,-20.2773,0.1868,-2.8194,4864
-62.8689,-5.2015,-7.6104,1.0,-55.7761,32.0738,-12.1691,4865
-44.1806,-2.3649,-4.5945,1.0,-47.6885,12.1297,-8.6782,4866
-32.7989,-2.5891,-4.8819,1.0,-35.562900000000006,13.4793,-8.7723,4867
-7.1466,-0.1463,-0.9321,1.0,-11.1011,0.2731,-3.1492,4868
-60.7475,-4.8986,-7.3784,1.0,-55.1251,29.8013,-11.9019,4869
-9.1019,-0.037,-0.2535,1.0,-10.854100000000003,0.0175,-1.4792,4885
-66.2884,-6.3706,-8.4059,1.0,-53.1005,40.8916,-12.9272,4886
-18.3361,-0.0453,-0.3315,1.0,-20.459999999999997,0.0311,-1.7782,4887
-43.2877,-2.0643,-4.1243,1.0,-47.5364,10.1109,-8.171,4888
-2.8623,-0.1085,-0.6896,1.0,-6.1834999999999996,0.1554,-2.6785,4889
-64.9568,-5.4536,-7.8704,1.0,-56.84760000000001,33.9439,-12.5107,4890
-46.8018,-2.8228,-5.1711,1.0,-49.0204,15.1373,-9.362,4906
-10.6513,-0.2309,-1.3357,1.0,-15.514100000000001,0.5921,-3.8883,4907
-33.466,-2.9153,-5.2682,1.0,-35.2413,15.5979,-9.1897,4908
-44.1123,-3.4259,-5.5516,1.0,-44.000899999999994,18.6857,-9.5968,4909
-60.4848,-4.9753,-7.4578,1.0,-54.6096,30.2895,-11.9812,4910
-6.8533,-0.1791,-0.9424,1.0,-10.8375,0.3315,-3.1942,4911
-32.8304,-2.7608,-5.1199,1.0,-35.104600000000005,14.6238,-9.0173,4927
-47.3344,-2.9894,-5.3225,1.0,-48.9388,16.2196,-9.5121,4928
-8.7046,-0.1504,-1.0063,1.0,-12.837499999999999,0.3037,-3.2799,4929
-38.664,-2.9162,-5.5097,1.0,-40.7131,15.9667,-9.5899,4930
-31.659,-3.7799,-5.6031,1.0,-30.0365,20.3385,-9.333,4931
-35.015,-2.7128,-5.3171,1.0,-37.7261,14.6534,-9.3346,4932
-51.7931,-4.1286,-6.1709,1.0,-49.069900000000004,23.3911,-10.3684,4948
-17.5247,-0.0839,-0.569,1.0,-20.4714,0.1009,-2.3947,4949
-4.3468,-0.1232,-0.7747,1.0,-7.9065,0.1959,-2.8577,4950
-61.2768,-4.7988,-7.2743,1.0,-56.0019,29.1633,-11.8153,4951
-63.146,-5.2235,-7.6614,1.0,-56.0671,32.2061,-12.2423,4952
-20.8182,-0.0459,-0.2955,1.0,-22.826,0.0271,-1.6935,4953
-62.518,-4.6053,-7.1263,1.0,-57.977199999999996,28.0084,-11.736,4969
-23.7151,-0.075,-0.4268,1.0,-26.2953,0.0658,-2.1442,4970
-10.8637,-0.0028,-0.0485,1.0,-11.395500000000002,0.0001,-0.4806,4971
-61.5226,-4.6195,-7.1355,1.0,-57.0147,27.9723,-11.7094,4972
-61.4866,-4.5814,-7.0996,1.0,-57.12360000000001,27.7147,-11.6707,4973
-21.591,-0.0497,-0.3079,1.0,-23.6841,0.0315,-1.767,4974
-62.3583,-4.4996,-7.0322,1.0,-58.219500000000004,27.3164,-11.6458,4990
-22.5862,-0.0589,-0.3623,1.0,-24.885700000000007,0.0432,-1.9215,4991
-18.0231,-0.0236,-0.1793,1.0,-19.4791,0.0079,-1.261,4992
-61.2109,-4.4414,-6.9712,1.0,-57.361799999999995,26.7983,-11.5366,4993
-65.4901,-5.3093,-7.7403,1.0,-58.0054,32.9524,-12.4181,4994
-20.6431,-0.0394,-0.2659,1.0,-22.5282,0.0206,-1.6004,4995
-40.0364,-2.6132,-4.739,1.0,-42.6477,13.4567,-8.7158,5011
-44.3968,-2.5543,-4.8641,1.0,-47.3779,13.4088,-8.9715,5012
-29.7465,-3.6177,-5.4272,1.0,-28.733800000000002,19.1802,-9.1226,5013
-10.6987,-0.2085,-1.2484,1.0,-15.378400000000001,0.5045,-3.7273,5014
-36.0581,-2.5805,-5.1361,1.0,-39.120400000000004,13.7987,-9.1444,5015
-59.8487,-4.9047,-7.4031,1.0,-54.319799999999994,29.7508,-11.9141,5016
-8.6855,-0.1558,-1.0377,1.0,-12.8807,0.3205,-3.3222,5017
-31.5464,-3.3451,-5.3148,1.0,-31.623899999999995,17.6837,-9.1013,5039
-60.9469,-4.2564,-6.7936,1.0,-57.7916,25.5678,-11.3625,5040
-43.0452,-2.4653,-4.6925,1.0,-46.2252,12.7295,-8.7517,5041
-33.9658,-2.2594,-4.7595,1.0,-37.9276,11.7645,-8.7074,5042
-59.8173,-4.7048,-7.2227,1.0,-55.092600000000004,28.3907,-11.7385,5043
-21.0627,-0.0444,-0.2935,1.0,-23.082800000000002,0.0265,-1.7087,5044
-9.4136,-0.1627,-1.066,1.0,-13.6805,0.343,-3.3812,5045
-63.9366,-6.0858,-8.159,1.0,-52.363299999999995,38.4605,-12.6424,5067
-29.9219,-1.963,-4.5144,1.0,-34.757000000000005,10.0355,-8.3932,5068
-16.8458,-0.0216,-0.1759,1.0,-18.271099999999997,0.0071,-1.2349,5069
-36.6744,-3.2313,-5.6511,1.0,-37.42889999999999,17.768,-9.6401,5070
-17.228,-0.0979,-0.6375,1.0,-20.4088,0.131,-2.5764,5071
10.012,-0.1447,-0.6477,1.0,6.762199999999999,0.203,-2.6604,5072
-49.8351,-3.2264,-5.5216,1.0,-50.64319999999999,17.7043,-9.7644,5073
-35.1998,-3.9802,-5.767,1.0,-32.8095,21.7012,-9.5637,5095
-19.1356,-0.0293,-0.2115,1.0,-20.7644,0.0118,-1.3998,5096
-32.3149,-2.5467,-5.1474,1.0,-35.4979,13.6197,-9.1086,5097
-40.9026,-2.2985,-4.4242,1.0,-44.483,11.5609,-8.4186,5098
-51.2308,-3.7711,-5.9379,1.0,-50.002199999999995,21.1126,-10.175,5099
-8.8887,-0.1549,-1.0347,1.0,-13.082799999999999,0.318,-3.3225,5100
-9.1591,-0.1648,-1.0645,1.0,-13.419500000000001,0.3478,-3.3789,5101
-60.3298,-4.9055,-7.4095,1.0,-54.814400000000006,29.7703,-11.9399,5102
-7.6846,-0.0036,-0.0694,1.0,-8.3717,0.0001,-0.6142,5131
10.6787,-0.0062,-0.1388,1.0,9.379199999999999,0.0024,-1.1569,5132
-59.8561,-4.0667,-6.6059,1.0,-57.503,24.1865,-11.1608,5133
-15.1016,-0.1022,-0.4513,1.0,-17.7091,0.0972,-2.1512,5134
-15.7377,-0.1197,-0.5183,1.0,-18.574800000000003,0.1288,-2.3279,5135
-11.1661,-0.0115,-0.147,1.0,-12.3665,0.0024,-1.0443,5136
-59.3918,-4.0199,-6.5353,1.0,-57.17,23.8425,-11.0655,5137
-48.8875,-6.0822,-7.5458,1.0,-37.288700000000006,36.7082,-11.4814,5138
-2.0943,-0.0137,-0.0865,1.0,-2.9335000000000004,0.0016,-0.7406,5167
-61.4039,-4.4532,-6.9717,1.0,-57.5169,26.8591,-11.5472,5168
0.0152,-0.0066,-0.109,1.0,-0.9583,0.0007,-0.8586,5169
-34.4788,-4.6388,-6.288,1.0,-29.3945,26.017,-10.0059,5170
-34.4892,-4.6396,-6.2887,1.0,-29.401599999999995,26.0227,-10.0068,5171
-26.9622,-0.1435,-0.6849,1.0,-30.456099999999996,0.2026,-2.8681,5172
0.0066,-0.0066,-0.109,1.0,-0.9667000000000001,0.0007,-0.8584,5173
-23.5199,-0.1329,-0.5998,1.0,-26.681299999999997,0.163,-2.5917,5174
-7.1031,-0.0036,-0.0694,1.0,-7.7914,0.0001,-0.6154,5203
6.2126,-0.0046,-0.1161,1.0,5.1184,0.0007,-0.9742,5204
-60.986,-4.2887,-6.7826,1.0,-57.873099999999994,25.6035,-11.4193,5205
-12.1347,-0.0602,-0.2727,1.0,-14.0225,0.0342,-1.5891,5206
-12.0658,-0.06,-0.2722,1.0,-13.949200000000001,0.0339,-1.5851,5207
-10.1238,-0.0038,-0.0698,1.0,-10.816600000000001,0.0002,-0.6194,5208
-61.009,-4.2867,-6.7864,1.0,-57.90809999999999,25.5969,-11.4229,5209
-3.235,-4.5929,-6.3337,1.0,0.9463000000000008,24.6017,-9.4938,5210
-18.8303,-0.1481,-0.6652,1.0,-22.1513,0.2039,-2.7116,5239
-8.3436,-0.0049,-0.0719,1.0,-9.0513,0.0003,-0.6312,5240
-14.854,-0.0402,-0.2958,1.0,-16.798799999999996,0.0235,-1.6323,5241
12.4921,-0.0072,-0.1514,1.0,11.098400000000002,0.0036,-1.2387,5242
-14.5829,-0.0397,-0.2226,1.0,-16.235,0.0186,-1.4084,5243
-56.9813,-6.4429,-8.2099,1.0,-43.76369999999999,40.2888,-12.4184,5244
-46.0284,-5.0377,-6.7993,1.0,-39.3598,29.2698,-10.7642,5245
-7.3545,-0.0032,-0.0648,1.0,-7.993799999999999,0.0001,-0.5714,5246
-53.9759,-3.3147,-5.8068,1.0,-54.528400000000005,18.7872,-10.2182,5247
-16.5941,-0.0864,-0.5856,1.0,-19.599300000000003,0.1059,-2.4391,5284
-29.917,-2.5823,-5.0407,1.0,-32.828,13.6378,-8.9258,5285
-46.9953,-2.7121,-4.9545,1.0,-49.445,14.325,-9.1081,5286
-29.744,-3.4745,-5.3331,1.0,-29.294199999999996,18.3094,-9.052,5287
10.6253,-0.1597,-0.6675,1.0,7.333599999999998,0.2168,-2.6813,5288
-13.0709,-0.0643,-0.4643,1.0,-15.6406,0.0587,-2.0998,5289
-60.5836,-5.5222,-7.5707,1.0,-51.629599999999996,33.9703,-11.9234,5290
-35.2353,-2.4277,-4.9972,1.0,-38.7872,12.8654,-8.9924,5291
-16.7058,-0.0269,-0.2144,1.0,-18.311600000000002,0.0113,-1.3758,5292
5.831,-0.0159,-0.1057,1.0,4.8742,0.002,-0.8372,5329
3.0489,-0.0049,-0.1144,1.0,2.0221000000000005,0.0005,-0.908,5330
-38.7633,-3.6741,-5.95,1.0,-37.9027,20.4239,-9.9392,5331
-50.734,-5.9844,-7.4999,1.0,-39.708000000000006,36.022,-11.5117,5332
-22.2621,-0.1143,-0.5321,1.0,-25.191100000000002,0.1255,-2.4081,5333
-55.9726,-3.7534,-6.1913,1.0,-54.89190000000001,21.6531,-10.6277,5334
-10.9634,-0.8092,-2.4453,1.0,-16.9279,2.9957,-5.7057,5335
-0.4493,-0.1586,-0.7437,1.0,-3.96,0.2489,-2.8573,5336
-11.4184,-0.008,-0.1062,1.0,-12.386,0.001,-0.8544,5337
-59.5939,-6.3041,-8.5519,1.0,-47.5532,39.9357,-13.039,5374
-10.8295,-0.0077,-0.0888,1.0,-11.7278,0.0009,-0.8027,5375
-11.3653,-0.0192,-0.1664,1.0,-12.687599999999998,0.0054,-1.1421,5376
-17.8278,-1.8075,-4.7129,1.0,-23.5719,9.3299,-8.5536,5377
6.8275,-0.0307,-0.1838,1.0,5.4041,0.0099,-1.2188,5378
-10.5045,-0.0437,-0.2292,1.0,-12.171,0.0203,-1.4139,5379
-6.3116,-0.0055,-0.0793,1.0,-7.0948,0.0004,-0.6988,5380
-58.0693,-3.6531,-6.208,1.0,-57.3428,21.3661,-10.7785,5381
-9.4268,-1.0239,-2.6932,1.0,-15.255099999999999,3.9184,-6.0296,5382
-2.8416,-0.0204,-0.1237,1.0,-3.9149,0.0041,-0.9333,5419
-9.4576,-0.0034,-0.0609,1.0,-10.095899999999999,0.0001,-0.5741,5420
-9.8595,-0.0488,-0.2777,1.0,-11.7456,0.0272,-1.5868,5421
13.6403,-0.0068,-0.1238,1.0,12.463600000000001,0.0021,-1.0482,5422
-17.8301,-0.062,-0.3294,1.0,-19.9871,0.0436,-1.8092,5423
-64.8043,-7.158,-8.9288,1.0,-48.000699999999995,46.2944,-13.404,5424
-44.5698,-5.3386,-6.9424,1.0,-36.535,31.1683,-10.8525,5425
-5.3063,-0.0023,-0.0414,1.0,-5.8147,0.0,-0.4647,5426
-30.1045,-0.2353,-1.0092,1.0,-34.4757,0.4734,-3.6001,5427
